Ticker,Asset Name,Quantity,Purchase Date,Average Entry Price,Current Price,Currency,Asset Class,Duration,Rate Sensitivity
AAPL,Apple,49,2023-01-09,190,205,USD,Equity,,
MSFT,Microsoft,49,2023-01-09,365,425,USD,Equity,,
NVDA,NVIDIA,205,2023-01-09,88.5,135,USD,Equity,,
JPM,JPMorgan Chase,49,2023-01-09,175,205,USD,Equity,,
XOM,Exxon Mobil,49,2023-01-09,111.5,118,USD,Equity,,
JNJ,Johnson & Johnson,49,2023-01-09,160,165,USD,Equity,,
SPY,SPDR S&P 500 ETF,49,2023-01-09,497.5,575,USD,ETF,,
QQQ,Invesco QQQ ETF,49,2023-01-09,425,495,USD,ETF,,
GLD,SPDR Gold Shares,49,2023-01-09,225,265,USD,ETF,,
TLT,iShares 20+ Year Treasury Bond ETF,49,2023-01-09,97.5,93,USD,Bond ETF,16.8,-0.16
