Date,Type,Ticker,Quantity,Price,Amount,Fees,Currency,Asset Class,Asset Name,Duration,Rate Sensitivity,Transaction ID
2023-01-03,DEPOSIT,,,,125000,,USD,,,,,DEMO-00001
2023-03-20,DIVIDEND,,,,86,,USD,,,,,DEMO-00012
2023-06-20,DIVIDEND,,,,95,,USD,,,,,DEMO-00013
2023-09-20,DIVIDEND,,,,104,,USD,,,,,DEMO-00014
2023-10-02,DEPOSIT,,,,60000,,USD,,,,,DEMO-00015
2024-03-20,DIVIDEND,,,,90,,USD,,,,,DEMO-00026
2024-06-03,DEPOSIT,,,,80000,,USD,,,,,DEMO-00027
2024-06-20,DIVIDEND,,,,99,,USD,,,,,DEMO-00028
2024-09-20,DIVIDEND,,,,108,,USD,,,,,DEMO-00039
2025-03-03,DEPOSIT,,,,65000,,USD,,,,,DEMO-00050
2025-03-20,DIVIDEND,,,,94,,USD,,,,,DEMO-00051
2025-06-20,DIVIDEND,,,,103,,USD,,,,,DEMO-00062
2025-09-20,DIVIDEND,,,,112,,USD,,,,,DEMO-00063
2025-11-03,DEPOSIT,,,,55000,,USD,,,,,DEMO-00064
2025-12-15,WITHDRAWAL,,,,12000,,USD,,,,,DEMO-00065
2026-03-20,DIVIDEND,,,,98,,USD,,,,,DEMO-00066
2026-04-01,DEPOSIT,,,,50000,,USD,,,,,DEMO-00067
2026-06-20,DIVIDEND,,,,107,,USD,,,,,DEMO-00078
2026-08-03,WITHDRAWAL,,,,8000,,USD,,,,,DEMO-00079
2026-09-20,DIVIDEND,,,,116,,USD,,,,,DEMO-00090
